question,answer_a,answer_b,run1_winner,run1_reason,run2_winner,run2_reason,winner_after_swap
Thuế GTGT phải nộp trong kỳ (dòng 40) là bao nhiêu?,[v1 naive] Thuế GTGT phải nộp trong kỳ (dòng 40) là bao nhiêu... First retrieved context excerpt.,[v2 prod] Thuế GTGT phải nộp trong kỳ (dòng 40) là bao nhiêu... Reranked answer with specific numbers.,A,A is more concise and directly answers the question,tie,Both answers are factually correct with similar quality,tie
Công ty nộp thuế theo kỳ nào?,[v1 naive] Công ty nộp thuế theo kỳ nào?... First retrieved context excerpt.,[v2 prod] Công ty nộp thuế theo kỳ nào?... Reranked answer with specific numbers.,B,B cites specific article numbers and amounts from the document,B,B cites specific article numbers and amounts from the document,B
Tên người nộp thuế là gì?,[v1 naive] Tên người nộp thuế là gì?... First retrieved context excerpt.,[v2 prod] Tên người nộp thuế là gì?... Reranked answer with specific numbers.,A,A is more concise and directly answers the question,tie,Both answers are factually correct with similar quality,tie
Mã số thuế của công ty DHA là gì?,[v1 naive] Mã số thuế của công ty DHA là gì?... First retrieved context excerpt.,[v2 prod] Mã số thuế của công ty DHA là gì?... Reranked answer with specific numbers.,B,B cites specific article numbers and amounts from the document,B,B cites specific article numbers and amounts from the document,B
Thuế GTGT đầu vào được khấu trừ kỳ này là bao nhiêu?,[v1 naive] Thuế GTGT đầu vào được khấu trừ kỳ này là bao nhiê... First retrieved context excerpt.,[v2 prod] Thuế GTGT đầu vào được khấu trừ kỳ này là bao nhiê... Reranked answer with specific numbers.,B,B cites specific article numbers and amounts from the document,B,B cites specific article numbers and amounts from the document,B
Tổng giá trị hàng hóa dịch vụ mua vào là bao nhiêu?,[v1 naive] Tổng giá trị hàng hóa dịch vụ mua vào là bao nhiêu... First retrieved context excerpt.,[v2 prod] Tổng giá trị hàng hóa dịch vụ mua vào là bao nhiêu... Reranked answer with specific numbers.,tie,Both answers are factually correct with similar quality,B,B cites specific article numbers and amounts from the document,tie
Hàng hóa bán ra chịu thuế suất 10% có giá trị bao nhiêu?,[v1 naive] Hàng hóa bán ra chịu thuế suất 10% có giá trị bao ... First retrieved context excerpt.,[v2 prod] Hàng hóa bán ra chịu thuế suất 10% có giá trị bao ... Reranked answer with specific numbers.,B,B cites specific article numbers and amounts from the document,B,B cites specific article numbers and amounts from the document,B
Thuế GTGT còn khấu trừ kỳ trước chuyển sang là bao nhiêu?,[v1 naive] Thuế GTGT còn khấu trừ kỳ trước chuyển sang là bao... First retrieved context excerpt.,[v2 prod] Thuế GTGT còn khấu trừ kỳ trước chuyển sang là bao... Reranked answer with specific numbers.,A,A is more concise and directly answers the question,A,A is more concise and directly answers the question,A
Thuế GTGT phát sinh trong kỳ là bao nhiêu?,[v1 naive] Thuế GTGT phát sinh trong kỳ là bao nhiêu?... First retrieved context excerpt.,[v2 prod] Thuế GTGT phát sinh trong kỳ là bao nhiêu?... Reranked answer with specific numbers.,B,B cites specific article numbers and amounts from the document,B,B cites specific article numbers and amounts from the document,B
Tổng doanh thu hàng bán ra là bao nhiêu?,[v1 naive] Tổng doanh thu hàng bán ra là bao nhiêu?... First retrieved context excerpt.,[v2 prod] Tổng doanh thu hàng bán ra là bao nhiêu?... Reranked answer with specific numbers.,tie,Both answers are factually correct with similar quality,tie,Both answers are factually correct with similar quality,tie
Hàng hóa nhập khẩu trong kỳ có giá trị bao nhiêu?,[v1 naive] Hàng hóa nhập khẩu trong kỳ có giá trị bao nhiêu?... First retrieved context excerpt.,[v2 prod] Hàng hóa nhập khẩu trong kỳ có giá trị bao nhiêu?... Reranked answer with specific numbers.,B,B cites specific article numbers and amounts from the document,B,B cites specific article numbers and amounts from the document,B
Thuế GTGT điều chỉnh giảm kỳ trước là bao nhiêu?,[v1 naive] Thuế GTGT điều chỉnh giảm kỳ trước là bao nhiêu?... First retrieved context excerpt.,[v2 prod] Thuế GTGT điều chỉnh giảm kỳ trước là bao nhiêu?... Reranked answer with specific numbers.,A,A is more concise and directly answers the question,A,A is more concise and directly answers the question,A
Tờ khai áp dụng mẫu số nào?,[v1 naive] Tờ khai áp dụng mẫu số nào?... First retrieved context excerpt.,[v2 prod] Tờ khai áp dụng mẫu số nào?... Reranked answer with specific numbers.,B,B cites specific article numbers and amounts from the document,B,B cites specific article numbers and amounts from the document,B
Hàng hóa bán ra chịu thuế suất 5% có giá trị bao nhiêu?,[v1 naive] Hàng hóa bán ra chịu thuế suất 5% có giá trị bao n... First retrieved context excerpt.,[v2 prod] Hàng hóa bán ra chịu thuế suất 5% có giá trị bao n... Reranked answer with specific numbers.,B,B cites specific article numbers and amounts from the document,B,B cites specific article numbers and amounts from the document,B
Thuế GTGT chưa khấu trừ hết kỳ này là bao nhiêu?,[v1 naive] Thuế GTGT chưa khấu trừ hết kỳ này là bao nhiêu?... First retrieved context excerpt.,[v2 prod] Thuế GTGT chưa khấu trừ hết kỳ này là bao nhiêu?... Reranked answer with specific numbers.,A,A is more concise and directly answers the question,A,A is more concise and directly answers the question,A
Hàng hóa bán ra không chịu thuế GTGT là bao nhiêu?,[v1 naive] Hàng hóa bán ra không chịu thuế GTGT là bao nhiêu?... First retrieved context excerpt.,[v2 prod] Hàng hóa bán ra không chịu thuế GTGT là bao nhiêu?... Reranked answer with specific numbers.,A,A is more concise and directly answers the question,tie,Both answers are factually correct with similar quality,tie
Nguyên tắc nào chi phối việc xử lý dữ liệu cá nhân?,[v1 naive] Nguyên tắc nào chi phối việc xử lý dữ liệu cá nhân... First retrieved context excerpt.,[v2 prod] Nguyên tắc nào chi phối việc xử lý dữ liệu cá nhân... Reranked answer with specific numbers.,tie,Both answers are factually correct with similar quality,B,B cites specific article numbers and amounts from the document,tie
Thời hạn báo cáo sự cố rò rỉ dữ liệu là bao lâu?,[v1 naive] Thời hạn báo cáo sự cố rò rỉ dữ liệu là bao lâu?... First retrieved context excerpt.,[v2 prod] Thời hạn báo cáo sự cố rò rỉ dữ liệu là bao lâu?... Reranked answer with specific numbers.,B,B cites specific article numbers and amounts from the document,B,B cites specific article numbers and amounts from the document,B
Điều kiện chuyển giao dữ liệu cá nhân ra nước ngoài gồm gì?,[v1 naive] Điều kiện chuyển giao dữ liệu cá nhân ra nước ngoà... First retrieved context excerpt.,[v2 prod] Điều kiện chuyển giao dữ liệu cá nhân ra nước ngoà... Reranked answer with specific numbers.,B,B cites specific article numbers and amounts from the document,B,B cites specific article numbers and amounts from the document,B
Chủ thể dữ liệu phải được thông báo điều gì trước khi thu thập?,[v1 naive] Chủ thể dữ liệu phải được thông báo điều gì trước ... First retrieved context excerpt.,[v2 prod] Chủ thể dữ liệu phải được thông báo điều gì trước ... Reranked answer with specific numbers.,B,B cites specific article numbers and amounts from the document,B,B cites specific article numbers and amounts from the document,B
Tên hoạt động sản xuất kinh doanh của DHA là gì?,[v1 naive] Tên hoạt động sản xuất kinh doanh của DHA là gì?... First retrieved context excerpt.,[v2 prod] Tên hoạt động sản xuất kinh doanh của DHA là gì?... Reranked answer with specific numbers.,A,A is more concise and directly answers the question,A,A is more concise and directly answers the question,A
Người ký tờ khai là ai?,[v1 naive] Người ký tờ khai là ai?... First retrieved context excerpt.,[v2 prod] Người ký tờ khai là ai?... Reranked answer with specific numbers.,A,A is more concise and directly answers the question,A,A is more concise and directly answers the question,A
Tờ khai được nộp lần đầu hay bổ sung?,[v1 naive] Tờ khai được nộp lần đầu hay bổ sung?... First retrieved context excerpt.,[v2 prod] Tờ khai được nộp lần đầu hay bổ sung?... Reranked answer with specific numbers.,A,A is more concise and directly answers the question,A,A is more concise and directly answers the question,A
Thuế GTGT đề nghị hoàn là bao nhiêu?,[v1 naive] Thuế GTGT đề nghị hoàn là bao nhiêu?... First retrieved context excerpt.,[v2 prod] Thuế GTGT đề nghị hoàn là bao nhiêu?... Reranked answer with specific numbers.,A,A is more concise and directly answers the question,A,A is more concise and directly answers the question,A
Thuế GTGT còn khấu trừ chuyển kỳ sau là bao nhiêu?,[v1 naive] Thuế GTGT còn khấu trừ chuyển kỳ sau là bao nhiêu?... First retrieved context excerpt.,[v2 prod] Thuế GTGT còn khấu trừ chuyển kỳ sau là bao nhiêu?... Reranked answer with specific numbers.,tie,Both answers are factually correct with similar quality,tie,Both answers are factually correct with similar quality,tie
Tại sao thuế GTGT còn khấu trừ kỳ trước không làm số thuế phải nộp về 0?,[v1 naive] Tại sao thuế GTGT còn khấu trừ kỳ trước không làm ... First retrieved context excerpt.,[v2 prod] Tại sao thuế GTGT còn khấu trừ kỳ trước không làm ... Reranked answer with specific numbers.,B,B cites specific article numbers and amounts from the document,B,B cites specific article numbers and amounts from the document,B
Vì sao không có hàng chịu thuế suất 0% và 5% trong kỳ?,[v1 naive] Vì sao không có hàng chịu thuế suất 0% và 5% trong... First retrieved context excerpt.,[v2 prod] Vì sao không có hàng chịu thuế suất 0% và 5% trong... Reranked answer with specific numbers.,B,B cites specific article numbers and amounts from the document,B,B cites specific article numbers and amounts from the document,B
Công ty có thể khấu trừ bao nhiêu thuế GTGT đầu vào và tỷ lệ khấu trừ là bao nhiêu?,[v1 naive] Công ty có thể khấu trừ bao nhiêu thuế GTGT đầu và... First retrieved context excerpt.,[v2 prod] Công ty có thể khấu trừ bao nhiêu thuế GTGT đầu và... Reranked answer with specific numbers.,A,A is more concise and directly answers the question,B,B cites specific article numbers and amounts from the document,tie
Tại sao nghĩa vụ thông báo mục đích xử lý dữ liệu quan trọng theo Nghị định 13/2023?,[v1 naive] Tại sao nghĩa vụ thông báo mục đích xử lý dữ liệu ... First retrieved context excerpt.,[v2 prod] Tại sao nghĩa vụ thông báo mục đích xử lý dữ liệu ... Reranked answer with specific numbers.,B,B cites specific article numbers and amounts from the document,B,B cites specific article numbers and amounts from the document,B
Giới hạn 72 giờ báo cáo sự cố quan trọng hơn báo cáo sau điều tra xong vì sao?,[v1 naive] Giới hạn 72 giờ báo cáo sự cố quan trọng hơn báo c... First retrieved context excerpt.,[v2 prod] Giới hạn 72 giờ báo cáo sự cố quan trọng hơn báo c... Reranked answer with specific numbers.,tie,Both answers are factually correct with similar quality,tie,Both answers are factually correct with similar quality,tie
